player_id,name,position,team,games_played,toi_min,weighted_total,raw_grit_per_60,grit_per_game,grit_z_pos,grit_z_vol,grit_z_blend,raw_blocked_shots,raw_blocked_shots_hd,raw_blocked_shots_non_hd,raw_crease_goals,raw_dz_faceoff_wins,raw_fighting_majors,raw_giveaways_dz,raw_giveaways_nz,raw_giveaways_oz,raw_hits_taken,raw_hits_thrown,raw_penalties_drawn,raw_physical_minors_taken,raw_takeaways_high_danger,raw_takeaways_other
8478055,Gustav Forsling,D,FLA,21,546.4,237.0,26.024890190336748,11.285714285714286,-1.5232810320502412,-0.9270371788865077,-1.344407876101121,32,12,20,0,0,0,15,4,0,37,19,5,1,2,10
8477407,Anthony Duclair,L,FLA,20,306.5,207.0,40.52202283849918,10.35,-0.7959877506501257,-0.9243415420277824,-0.8344938880634226,14,2,12,2,0,0,6,0,5,40,16,4,1,3,6
8478498,Jake DeBrusk,L,BOS,7,112.9,95.0,50.48715677590788,13.571428571428571,-0.38893212791989323,-0.27824252065135635,-0.3557252457393321,5,1,4,3,0,0,1,0,2,9,12,0,0,0,1
8473419,Brad Marchand,L,BOS,7,144.5,94.5,39.23875432525952,13.5,-0.8484066812001655,-0.2925684413027183,-0.6816552092309313,3,0,3,2,0,0,2,2,9,21,9,1,0,1,3
8477986,Brandon Montour,D,FLA,21,566.3,307.5,32.57990464418153,14.642857142857142,-1.1268465340520786,-0.3448054988596315,-0.8922342234943444,28,8,20,0,0,1,9,5,2,40,29,4,6,4,13
8480185,Eetu Luostarinen,C,FLA,16,266.9,240.0,53.95279130760585,15.0,-0.4336875371922988,-0.1802960709707479,-0.35767009732583355,13,4,9,0,3,0,3,1,0,30,37,3,1,0,11
8475200,Dmitry Orlov,D,BOS,7,161.3,103.0,38.313701177929325,14.714285714285714,-0.7800776952516302,-0.3324175907739534,-0.6457796639083271,9,5,4,0,0,0,2,1,1,11,16,1,1,0,1
8471276,David Krejci,C,BOS,4,77.7,39.0,30.115830115830114,9.75,-1.3704723461611494,-0.9720911259572199,-1.2509579800999706,4,2,2,0,5,0,0,1,4,5,3,0,0,0,0
8475462,Radko Gudas,D,FLA,21,357.2,465.0,78.10750279955207,22.142857142857142,1.626573865989921,0.9559248501365816,1.425379161233919,35,21,14,0,0,0,14,3,0,42,91,2,4,1,3
8477956,David Pastrnak,R,BOS,7,143.9,94.0,39.19388464211258,13.428571428571429,-0.8502395172593501,-0.30689436195408026,-0.6872359706677691,1,0,1,1,0,0,1,2,5,12,8,6,1,0,3
8477493,Aleksander Barkov,C,FLA,21,461.7,498.0,64.71734892787524,23.714285714285715,-0.01064392971193492,1.1339759930884303,0.3327420471281746,16,4,12,2,83,0,5,4,8,33,51,1,3,4,20
8478401,Pavel Zacha,C,BOS,7,122.6,63.0,30.831973898858074,9.0,-1.342328128801365,-1.0852047052410017,-1.265191101733256,1,0,1,0,10,0,2,0,2,5,10,0,1,0,1
8477933,Sam Reinhart,C,FLA,21,461.7,475.5,61.79337231968812,22.642857142857142,-0.12555525780836269,0.9723851655401705,0.20382686919619727,29,11,18,3,44,0,6,0,5,58,44,3,1,1,15
8475791,Taylor Hall,L,BOS,7,101.3,127.0,75.22211253701876,18.142857142857142,0.6214409271523529,0.6386164010358114,0.6265935693173904,6,1,5,1,0,0,1,1,4,25,12,3,0,0,6
8479066,Ryan Lomberg,L,FLA,13,156.1,196.0,75.33632286995515,15.076923076923077,0.6261061889027374,0.023703806923504205,0.4453854743089674,5,1,4,1,1,0,0,1,1,15,35,4,2,2,1
8479365,Trent Frederic,C,BOS,5,51.5,50.5,58.83495145631068,10.1,-0.24182023391214102,-0.9193047889581218,-0.44506560042593524,1,1,0,0,0,0,0,0,1,10,8,1,0,0,1
8482113,Anton Lundell,C,FLA,21,379.5,252.0,39.841897233201585,12.0,-0.9882410771137918,-0.6327503881058748,-0.8815938704114167,14,3,11,1,31,0,7,1,1,30,22,4,0,2,7
8477903,Garnet Hathaway,R,BOS,7,66.2,153.5,139.12386706948638,21.928571428571427,3.2316987167764073,1.397890195557997,2.681556160410884,11,2,9,0,0,0,0,0,0,19,27,1,0,1,0
8478443,Brandon Carlo,D,BOS,7,139.8,120.5,51.71673819742489,17.214285714285715,0.030511860253922125,0.10115919222478464,0.05170605984518088,15,8,7,0,0,0,3,1,0,19,11,1,1,0,2
8479314,Matthew Tkachuk,L,FLA,20,432.5,452.5,62.774566473988436,22.625,0.11298377585112003,1.5375679219087768,0.540359019668417,7,3,4,8,0,0,5,3,13,30,58,15,7,1,11
8475745,Charlie Coyle,C,BOS,7,121.3,187.0,92.49793899422919,26.714285714285715,1.0811242092289601,1.5864303102235573,1.232716039527339,8,1,7,1,22,0,3,0,2,15,20,3,1,2,2
8479325,Charlie McAvoy,D,BOS,7,178.3,183.0,61.58160403813797,26.142857142857142,0.6271197190037201,1.649647702934562,0.9338781141829726,15,10,5,0,0,0,7,0,1,28,29,2,1,0,0
8475762,Derek Forbort,D,BOS,7,108.0,81.0,45.0,11.571428571428571,-0.37570337454535585,-0.877485546543795,-0.5262380261448876,11,6,5,0,0,1,3,1,0,14,7,1,0,0,0
8471686,Marc Staal,D,FLA,21,439.5,270.0,36.86006825938567,12.857142857142858,-0.8679905809354217,-0.6545032010015869,-0.8039443669552712,27,17,10,0,0,0,14,2,1,41,37,3,0,2,7
8477365,Connor Clifton,D,BOS,3,44.0,48.5,66.13636363636364,16.166666666666668,0.9025827019672148,-0.08053012636516256,0.6076488534675015,6,3,3,0,0,0,2,0,0,4,7,0,1,0,0
8476393,Nick Cousins,C,FLA,21,303.0,366.0,72.47524752475248,17.428571428571427,0.29423895769163216,0.18597647147197363,0.2617602118257346,17,2,15,1,0,0,4,1,3,53,56,3,2,1,18
8477931,Tomas Nosek,L,BOS,7,83.6,118.0,84.68899521531101,16.857142857142858,1.0081439908673568,0.3807498293112957,0.8199257424005385,4,2,2,0,27,0,0,1,1,15,6,0,0,2,2
8479372,Joshua Mahura,D,FLA,21,274.3,231.5,50.63798760481225,11.023809523809524,-0.03472887302879005,-0.9724595085339947,-0.31604806368035143,22,12,10,0,0,0,7,1,0,62,19,1,1,1,4
8478400,Colin White,C,FLA,21,155.9,189.0,72.73893521488134,9.0,0.30460179800661447,-1.0852047052410017,-0.11234015296767039,15,3,12,0,13,0,3,1,6,18,20,4,1,1,3
8470595,Eric Staal,C,FLA,21,244.4,164.5,40.38461538461538,7.833333333333333,-0.9669124305759306,-1.2611591619046623,-1.05518644997455,9,3,6,1,18,0,3,1,2,21,14,0,1,3,4
8477409,Carter Verhaeghe,C,FLA,21,419.4,244.0,34.90701001430616,11.619047619047619,-1.182180537074434,-0.6902049045674783,-1.0345878473223473,8,2,6,0,1,0,5,4,15,59,31,3,2,1,11
8476854,Hampus Lindholm,D,BOS,7,151.6,83.5,33.047493403693935,11.928571428571429,-1.0985676772391608,-0.8155460061154037,-1.0136611759020338,8,4,4,0,0,0,2,1,1,18,8,1,0,1,1
8477479,Tyler Bertuzzi,L,BOS,7,125.5,162.5,77.68924302788844,23.214285714285715,0.7222182317651643,1.6557567672825135,1.002279792420369,6,2,4,3,0,0,3,2,2,14,18,6,1,1,3
8473422,Nick Foligno,L,BOS,6,68.8,127.0,110.75581395348838,21.166666666666668,2.072920962327115,1.245080375276803,1.8245687862120215,6,0,6,1,0,0,0,0,0,7,21,2,2,1,0
8477932,Aaron Ekblad,D,FLA,20,479.0,284.0,35.5741127348643,14.2,-0.9457626646434258,-0.42161052899083656,-0.7885170239476491,29,18,11,0,0,0,14,3,2,28,36,5,4,2,6
8474709,Matt Martin,L,NYI,6,62.5,126.0,120.96000000000001,21.0,2.48974138157158,1.2116532270902913,2.1063149352271933,5,1,4,0,0,0,0,0,2,7,24,2,3,0,0
8478970,Jalen Chatfield,D,CAR,15,231.8,239.0,61.86367558239861,15.933333333333334,0.6441788562239206,-0.12099729277837824,0.41462601152323086,12,5,7,1,0,0,6,1,1,56,27,3,1,1,7
8477506,Ryan Pulock,D,NYI,6,140.9,165.5,70.47551454932577,27.583333333333332,1.165006091882007,1.8994705159957392,1.3853454191161267,14,10,4,0,0,0,3,0,2,21,26,0,1,0,3
8480835,Jack Drury,C,CAR,13,180.8,140.5,46.626106194690266,10.807692307692308,-0.7216238751616542,-0.81257197568522,-0.7489083053187238,7,0,7,0,2,0,1,0,2,31,17,3,0,0,2
8477392,Hudson Fasching,R,NYI,6,70.0,83.0,71.14285714285714,13.833333333333334,0.45481157172415015,-0.22571414492969552,0.25065385672799645,7,1,6,0,0,0,0,0,4,8,9,3,0,1,1
8476869,Brady Skjei,D,CAR,15,356.6,234.5,39.455973079080195,15.633333333333333,-0.7109953170358895,-0.1730265067382269,-0.5496046739465906,13,7,6,0,0,0,11,4,2,24,52,1,2,1,5
8476917,Adam Pelech,D,NYI,6,142.8,90.5,38.02521008403361,15.083333333333334,-0.7975250743216195,-0.26841339899794897,-0.6387915717245183,6,4,2,0,0,0,5,0,0,17,12,0,0,1,8
8475754,Brock Nelson,C,NYI,6,105.9,60.5,34.27762039660057,10.083333333333334,-1.2069153440007774,-0.9218184240533169,-1.1213862680165392,2,0,2,0,2,0,1,0,3,8,5,0,2,2,4
8480039,Martin Necas,C,CAR,15,293.2,181.5,37.1418826739427,12.1,-1.0943507696521646,-0.6176685775347039,-0.9513461120169263,11,1,10,2,5,0,0,2,3,32,18,3,0,0,1
8475151,Kyle Palmieri,C,NYI,6,97.5,111.5,68.61538461538461,18.583333333333332,0.14254760286215518,0.36013547449620903,0.20782396435237133,3,1,2,1,0,0,1,1,1,14,18,3,0,0,2
8476958,Jaccob Slavin,D,CAR,15,337.9,238.0,42.26102397158923,15.866666666666667,-0.5413513062925,-0.1325593403250112,-0.4187137165022533,27,11,16,0,0,0,4,2,3,36,14,4,1,1,16
8470613,Brent Burns,D,CAR,15,389.9,225.0,34.62426263144396,15.0,-1.0032077475756351,-0.28286595843124035,-0.7871052108323167,28,13,15,0,0,0,9,2,2,12,24,4,3,2,9
8478115,Pierre Engvall,L,NYI,6,91.5,39.5,25.901639344262293,6.583333333333333,-1.393200928634663,-1.6797950910429382,-1.4791791773571454,2,0,2,1,0,0,2,1,6,5,2,1,0,2,2
8480829,Jesperi Kotkaniemi,C,CAR,15,252.5,212.0,50.37623762376237,14.133333333333333,-0.5742449317582694,-0.31100509592089576,-0.4952729810070573,7,0,7,2,21,0,1,1,1,23,18,5,2,0,3
8476419,Jean-Gabriel Pageau,C,NYI,6,100.8,144.5,86.01190476190476,24.083333333333332,0.826225176990328,1.1896350559106084,0.9352481406664122,3,2,1,0,27,0,1,2,0,11,16,3,0,0,2
8475231,Casey Cizikas,C,NYI,6,85.3,159.0,111.84056271981244,26.5,1.8412830199912402,1.5541121447139052,1.7551317574080396,10,6,4,0,15,0,1,0,3,12,19,2,1,0,2
8471669,Paul Stastny,C,CAR,15,184.6,138.5,45.01625135427952,9.233333333333333,-0.7848906459135437,-1.0500138139082698,-0.8644275963119615,5,1,4,3,17,0,1,1,0,11,12,0,0,0,5
8480222,Sebastian Aho,D,NYI,6,94.8,69.5,43.9873417721519,11.583333333333334,-0.43694697042563674,-0.8754208951961818,-0.5684891478568002,10,7,3,0,0,0,6,0,0,9,7,2,0,0,1
8475855,Jesper Fast,R,CAR,15,251.6,271.0,64.62639109697933,18.066666666666666,0.1886270767674299,0.6233354190076921,0.31903957943950856,12,0,12,3,2,0,2,1,5,35,46,2,0,0,3
8476429,Scott Mayfield,D,NYI,6,128.7,129.5,60.372960372960385,21.583333333333332,0.55402330586274,0.8588862367987687,0.6454821851435486,16,10,6,0,0,0,4,0,0,9,19,0,0,2,2
8478445,Mathew Barzal,C,NYI,6,102.7,36.5,21.324245374878284,6.083333333333333,-1.7159787622611828,-1.525090846900153,-1.6587123876528738,3,0,3,0,0,0,2,1,9,6,4,2,0,0,1
8476906,Shayne Gostisbehere,D,CAR,15,269.9,126.5,28.12152649129307,8.433333333333334,-1.3964805550555912,-1.4217276417745914,-1.4040546810712913,19,11,8,0,0,0,3,2,1,22,7,0,0,2,4
8474613,Derek Stepan,C,CAR,11,131.6,118.0,53.79939209726444,10.727272727272727,-0.43971607618263087,-0.8247007044662318,-0.5552114646677111,7,4,3,0,11,0,2,1,1,13,11,2,0,0,7
8473504,Cal Clutterbuck,R,NYI,6,73.7,108.5,88.33107191316145,18.083333333333332,1.1569154782940771,0.626678133826343,0.9978442749537568,4,0,4,0,0,0,0,1,0,5,24,1,2,0,1
8473533,Jordan Staal,C,CAR,15,266.0,388.0,87.5187969924812,25.866666666666667,0.8854455507200231,1.4585940110964895,1.057390088832963,15,6,9,2,66,0,4,2,4,29,40,2,1,0,9
8470610,Zach Parise,L,NYI,6,89.7,76.5,51.17056856187291,12.75,-0.36101613483194517,-0.4429906081420193,-0.3856084768249674,8,0,8,0,0,0,0,0,1,9,11,0,0,0,3
8478427,Sebastian Aho,C,CAR,15,306.8,301.0,58.86571056062581,20.066666666666666,-0.2406114111335964,0.5838489979685775,0.006726711597055762,6,3,3,2,25,0,3,1,4,31,28,7,4,0,14
8477500,Bo Horvat,C,NYI,6,118.3,113.0,57.311918850380394,18.833333333333332,-0.30167491913485267,0.3978400009241363,-0.09182044311715598,3,2,1,0,26,0,2,0,2,13,8,1,0,0,3
8475314,Anders Lee,L,NYI,6,102.4,61.0,35.7421875,10.166666666666666,-0.9912343838094488,-0.961111405032945,-0.9821974901764976,3,0,3,1,0,0,1,4,2,11,7,2,0,0,1
8477488,Brett Pesce,D,CAR,15,351.9,255.5,43.56351236146632,17.033333333333335,-0.46257934711146437,0.06977649174106659,-0.30287259545570505,31,16,15,0,0,0,9,1,1,39,16,7,1,0,10
8476474,Stefan Noesen,R,CAR,15,255.4,229.5,53.91542678151918,15.3,-0.24889421264583442,0.06844475911160418,-0.15369252111860285,9,1,8,2,6,1,4,1,7,16,35,4,2,1,6
8480865,Noah Dobson,D,NYI,6,121.1,57.5,28.488852188274155,9.583333333333334,-1.3742654128450185,-1.222282321595172,-1.3286704854700644,7,4,3,0,0,0,7,0,0,18,2,1,1,0,3
8476882,Teuvo Teravainen,L,CAR,6,112.6,40.0,21.314387211367674,6.666666666666667,-1.580580926264837,-1.6630815169496829,-1.6053311034702906,4,0,4,0,0,0,0,1,2,3,5,0,0,0,5
8482093,Seth Jarvis,C,CAR,15,298.6,288.0,57.87006028131279,19.2,-0.2797401427366765,0.4531399730184296,-0.059876108010144674,13,3,10,2,0,0,3,2,5,47,42,4,0,0,9
8476921,Jordan Martinook,L,CAR,15,273.0,211.0,46.37362637362637,14.066666666666666,-0.5569615483007554,-0.17891613746857984,-0.44354792505110274,9,1,8,1,1,0,1,1,3,25,33,2,1,0,11
8481557,Matt Boldy,L,MIN,6,125.3,68.0,32.56185155626497,11.333333333333334,-1.121144692712436,-0.7271213677273655,-1.002937695216915,4,2,2,0,5,0,2,2,2,11,5,1,2,0,2
8482740,Wyatt Johnston,C,DAL,19,322.6,217.0,40.35957842529448,11.421052631578947,-0.9678963749204255,-0.7200661335179169,-0.8935473024996728,15,0,15,3,10,0,2,2,3,15,22,3,0,2,9
8475149,Marcus Johansson,L,MIN,6,121.8,91.0,44.82758620689655,15.166666666666666,-0.6201141709134534,0.04170304056239486,-0.4215690074706989,3,0,3,1,0,0,0,1,2,12,11,3,0,0,3
8475825,Jani Hakanpää,D,DAL,15,307.6,381.0,74.31729518855656,25.4,1.3973494970501237,1.5208134588435083,1.434388685588139,38,20,18,0,0,0,9,1,0,36,65,2,1,1,1
8477919,Frederick Gaudreau,C,MIN,6,106.2,113.5,64.12429378531073,18.916666666666668,-0.033950803602679436,0.4104081764001124,0.09935689039815811,6,0,6,2,17,0,0,1,0,8,9,0,0,0,2
8470794,Joe Pavelski,C,DAL,14,249.7,211.0,50.70084100921106,15.071428571428571,-0.5614881244630044,-0.1695233491341973,-0.44389869186436226,12,1,11,6,27,0,3,3,6,17,6,2,0,1,7
8470600,Ryan Suter,D,DAL,19,443.7,298.0,40.2974983096687,15.68421052631579,-0.6601015112799823,-0.1642028388736911,-0.5113319095580949,30,16,14,0,0,0,4,0,5,44,31,3,2,1,6
8477451,Ryan Hartman,R,MIN,5,94.3,114.0,72.53446447507953,22.8,0.511655924521785,1.5726664275046138,0.8299590754166336,6,1,5,1,8,0,0,0,1,10,8,1,3,0,4
8475692,Mats Zuccarello,R,MIN,6,129.0,83.5,38.83720930232558,13.916666666666666,-0.8648089855135085,-0.2090005708364401,-0.6680664611103879,3,2,1,1,0,0,0,3,3,13,4,4,1,0,4
8481581,Thomas Harley,D,DAL,19,307.1,204.0,39.85672419407359,10.736842105263158,-0.6867586706923522,-1.0222284725975088,-0.7873996112638991,14,7,7,0,0,0,5,1,0,40,19,4,4,0,4
8475794,Tyler Seguin,C,DAL,19,308.3,240.0,46.70775218942588,12.631578947368421,-0.7184152141680765,-0.5374968476563744,-0.6641397042145658,4,2,2,3,35,0,1,6,3,17,29,2,0,0,7
8479351,Sam Steel,C,MIN,5,77.9,84.0,64.69833119383824,16.8,-0.01139132046378174,0.09117651931032833,0.019379031468451283,2,0,2,0,15,0,0,2,1,4,7,4,0,0,1
8475750,Jon Merrill,D,MIN,2,32.9,23.5,42.85714285714286,11.75,-0.5052991979705931,-0.8465157763295994,-0.6076641714782949,4,0,4,0,0,0,3,0,0,7,1,0,1,0,0
8475220,Marcus Foligno,L,MIN,6,83.3,133.5,96.15846338535414,22.25,1.4766486329189144,1.4623568384891263,1.4723610945899779,6,0,6,0,0,1,1,0,0,5,27,3,1,0,2
8471817,Ryan Reaves,R,MIN,6,51.2,79.0,92.578125,13.166666666666666,1.3303990310380727,-0.35942273767574107,0.8234525004239285,1,0,1,0,0,0,2,2,0,5,21,0,1,0,4
8476822,Luke Glendening,C,DAL,17,194.3,280.0,86.46423057128152,16.470588235294116,0.8440014339351473,0.04149526095823561,0.6032495820420738,14,1,13,1,58,0,0,0,1,12,29,0,0,0,3
8478136,Jake Middleton,D,MIN,6,123.1,137.5,67.01868399675061,22.916666666666668,0.9559437176608423,1.0901271877314294,0.9961987586820183,24,13,11,0,0,0,5,0,1,6,15,1,1,0,0
8476889,Radek Faksa,C,DAL,19,260.2,315.5,72.75172943889315,16.605263157894736,0.30510460684203544,0.06180667767173219,0.23211522809094445,12,4,8,0,28,0,4,0,0,48,36,5,0,0,11
8473994,Jamie Benn,L,DAL,17,277.7,295.0,63.73784659704718,17.352941176470587,0.15233182604474294,0.4801885726560433,0.250688850028133,13,7,6,1,28,1,4,1,3,21,32,8,1,0,7
8478864,Kirill Kaprizov,L,MIN,6,137.3,95.5,41.73343044428259,15.916666666666666,-0.7465041932338837,0.19212520740169584,-0.46491537304320985,1,0,1,1,0,0,1,1,5,16,14,3,0,0,2
8480036,Miro Heiskanen,D,DAL,19,528.2,328.0,37.25861416130253,17.263157894736842,-0.8438873015806425,0.10963512933603806,-0.5578305723056384,31,21,10,0,0,0,11,4,5,86,25,1,3,1,9
8478975,Mason Marchment,L,DAL,18,252.8,293.5,69.65981012658229,16.305555555555557,0.394232092257068,0.270121886503556,0.3569990305310144,10,3,7,2,0,0,4,3,2,35,52,5,1,1,5
8474679,Gustav Nyquist,C,MIN,6,96.1,28.5,17.793964620187307,4.75,-1.8547176457867651,-1.7261816545157647,-1.8161568484054649,3,2,1,0,0,0,0,2,0,2,2,1,0,0,3
8476525,Colin Miller,D,DAL,10,162.8,133.0,49.01719901719901,13.3,-0.13275100778010737,-0.5776981708703819,-0.2662351567071897,8,5,3,0,0,0,6,1,0,29,14,4,2,0,1
8480848,Ty Dellandrea,C,DAL,15,229.6,226.0,59.059233449477354,15.066666666666666,-0.23300602464975026,-0.17024153058996735,-0.2141766764318154,6,1,5,1,12,0,1,1,2,35,28,6,1,0,1
8479520,Brandon Duhaime,R,MIN,6,67.8,83.5,73.89380530973452,13.916666666666666,0.5671822559718773,-0.2090005708364401,0.3343274079293821,0,0,0,0,1,0,0,0,0,5,21,2,0,0,0
8474149,Evgenii Dadonov,R,DAL,16,247.6,176.0,42.64943457189015,11.0,-0.7090872721037984,-0.7939756641003882,-0.7345537897027753,9,3,6,2,0,0,1,2,5,28,18,3,1,1,5
8478449,Roope Hintz,C,DAL,19,342.2,244.0,42.78199883109293,12.842105263157896,-0.8726960421753649,-0.5057456675065408,-0.7626109297747177,12,2,10,3,7,0,6,2,4,37,30,1,1,1,10
8480027,Jason Robertson,L,DAL,19,356.6,216.5,36.42736960179473,11.394736842105264,-0.9632460768903961,-0.7148061026060192,-0.888714084605083,7,6,1,3,0,0,5,6,9,35,26,5,0,2,8
8482122,Brock Faber,D,MIN,6,87.3,60.5,41.580756013745706,10.083333333333334,-0.582492586494217,-1.1355669649954243,-0.7484149000445791,8,1,7,0,0,0,0,0,0,9,6,0,0,0,2
8476902,Esa Lindell,D,DAL,19,395.8,219.5,33.2743810005053,11.552631578947368,-1.0848459576034144,-0.8807455223558156,-1.0236158270291347,28,12,16,0,0,0,10,0,1,47,16,2,2,0,4
8476856,Mathew Dumba,D,MIN,6,137.2,87.5,38.26530612244898,14.583333333333334,-0.7830045338818165,-0.3551287555976965,-0.6546418003965804,8,3,5,0,0,0,6,1,2,6,11,4,2,0,1
8476463,Jonas Brodin,D,MIN,6,154.7,95.5,37.03943115707822,15.916666666666666,-0.8571430624735006,-0.12388780466503664,-0.6371664851309614,11,6,5,0,0,0,0,1,0,13,9,0,0,1,4
8474716,Jared Spurgeon,D,MIN,6,144.7,91.0,37.733241188666206,15.166666666666666,-0.8151827840461441,-0.2539608395646579,-0.6468162007016982,15,7,8,0,0,0,2,0,1,16,6,0,0,0,1
8480980,Connor Dewar,C,MIN,6,68.5,82.0,71.82481751824818,13.666666666666666,0.2686772703402696,-0.38138687858635995,0.07365802566228075,5,0,5,0,8,0,1,0,0,3,15,0,0,0,2
8477503,Max Domi,C,DAL,19,282.0,241.0,51.27659574468085,12.68421052631579,-0.5388611509347653,-0.529559052618916,-0.5360705214400104,10,6,4,2,22,0,1,2,8,10,11,7,6,2,10
8479675,Trevor Moore,L,LAK,6,115.5,133.5,69.35064935064935,22.25,0.38160349810453736,1.4623568384891263,0.705829500219914,6,1,5,1,0,0,0,0,3,24,16,3,0,0,2
8480803,Evan Bouchard,D,EDM,12,276.0,224.0,48.69565217391305,18.666666666666668,-0.15219753414530826,0.35304665663357515,-0.0006242769116432262,14,8,6,0,0,0,7,3,2,44,24,5,1,2,9
8475786,Zach Hyman,L,EDM,12,227.7,242.0,63.76811594202899,20.166666666666668,0.15356826773720766,1.044517486157735,0.42085303326336587,6,2,4,2,0,0,0,0,3,33,36,3,4,0,3
8478882,Vladislav Gavrikov,D,LAK,6,129.8,73.0,33.74422187981509,12.166666666666666,-1.0564308969746856,-0.7742529791631432,-0.9717775216312229,2,2,0,0,0,0,4,0,2,13,16,0,0,1,2
8478911,Matt Roy,D,LAK,6,129.6,153.0,70.83333333333333,25.5,1.1866462745255633,1.538156530163458,1.2920993512169316,12,9,3,1,0,0,4,0,0,22,23,0,0,0,3
8475218,Mattias Ekholm,D,EDM,12,262.6,162.5,37.12871287128713,13.541666666666666,-0.8517434784142978,-0.5357857485138374,-0.7569561594441596,10,5,5,0,0,0,10,1,1,25,30,0,2,1,6
8476454,Ryan Nugent-Hopkins,C,EDM,12,241.5,97.5,24.22360248447205,8.125,-1.6020349724386622,-1.217170547738747,-1.4865756450286876,6,3,3,0,6,0,0,1,3,7,14,1,0,0,4
8478402,Connor McDavid,C,EDM,12,284.6,290.5,61.243851018973984,24.208333333333332,-0.14715126589732222,1.208487319124572,0.259540309609246,7,1,6,4,17,0,6,0,9,32,30,8,0,1,12
8477934,Leon Draisaitl,C,EDM,12,277.6,259.0,55.97982708933717,21.583333333333332,-0.3540256913603158,0.8125897916313359,-0.004041046462820275,10,4,6,3,30,0,4,1,12,29,26,1,1,0,7
8477960,Adrian Kempe,R,LAK,6,124.2,128.0,61.83574879227053,21.333333333333332,0.07463496704813374,1.2785075234633139,0.43579673397268776,5,3,2,1,0,0,5,0,1,14,21,2,1,0,6
8475169,Evander Kane,L,EDM,12,236.8,284.0,71.95945945945947,23.666666666666668,0.48816812935752885,1.746487598074473,0.8656639699726121,9,0,9,0,0,0,3,2,4,30,52,5,5,1,4
8476879,Cody Ceci,D,EDM,12,227.7,237.5,62.582345191040844,19.791666666666668,0.687642593418506,0.5481562089830071,0.6457966780878562,29,15,14,0,0,0,4,1,1,41,26,1,0,0,1
8480011,Klim Kostin,C,EDM,12,92.8,172.0,111.20689655172414,14.333333333333334,1.8163801460281181,-0.2808414747785538,1.1872136597861165,4,0,4,0,0,1,1,1,2,15,38,2,2,0,1
8481481,Blake Lizotte,C,LAK,3,29.1,58.0,119.58762886597937,19.333333333333332,2.145740195611007,0.47324905377999077,1.643992853061702,1,0,1,0,1,0,1,0,0,14,4,2,1,0,3
8477406,Mattias Janmark,C,EDM,5,42.1,35.5,50.593824228028495,7.1,-0.5656938490983728,-1.3717591060932488,-0.8075134261968355,3,1,2,0,0,0,0,0,1,1,8,0,0,0,0
8479994,Jaret Anderson-Dolan,C,LAK,4,29.9,30.5,61.20401337792642,7.625,-0.14871687221174565,-1.2925796005946015,-0.49187569072660237,0,0,0,0,0,0,1,0,0,6,8,0,0,0,0
8479998,Mikey Anderson,D,LAK,6,135.5,112.5,49.81549815498155,18.75,-0.0844714318665011,0.3674992160668662,0.05111976251350908,6,3,3,0,0,0,2,0,0,20,19,1,0,0,2
8478042,Viktor Arvidsson,R,LAK,6,120.7,75.0,37.282518641259315,12.5,-0.9283149633727252,-0.49313133042178625,-0.7977598734874435,5,0,5,0,1,0,3,0,5,17,7,1,0,1,5
8474563,Drew Doughty,D,LAK,6,169.4,156.0,55.25383707201889,26.0,0.24442870614235107,1.6248718867632055,0.6585616603286073,15,9,6,0,0,0,6,0,0,21,18,4,1,0,2
8482124,Quinton Byfield,C,LAK,6,90.9,75.0,49.504950495049506,12.5,-0.6084862320591614,-0.5573413352500203,-0.593142763016419,1,0,1,0,2,0,2,1,0,6,15,3,0,0,2
8479977,Kailer Yamamoto,R,EDM,12,176.5,164.5,55.920679886685555,13.708333333333334,-0.16698366768155,-0.250784506069579,-0.1921239191979587,9,2,7,0,0,0,1,0,1,26,25,2,2,0,1
8471303,Alexander Edler,D,LAK,4,48.9,66.5,81.59509202453988,16.625,1.8374964647678524,-0.0010410494820608488,1.2859352104928783,9,4,5,0,0,0,1,0,0,12,6,0,0,0,1
8477998,Warren Foegele,L,EDM,12,142.4,168.5,70.99719101123596,14.041666666666666,0.4488614040404849,-0.1839302096965566,0.25902391991937246,5,1,4,1,0,0,5,2,3,18,28,4,0,2,9
8479336,Carl Grundstrom,R,LAK,6,58.7,60.0,61.32879045996592,10.0,0.05392674165440733,-0.9945385532194562,-0.2606128468077517,0,0,0,0,0,0,2,0,0,13,14,0,0,1,0
8480845,Rasmus Kupari,C,LAK,6,46.7,54.5,70.02141327623126,9.083333333333334,0.19780407116191465,-1.0726365297650258,-0.18332810911616745,1,0,1,0,4,0,0,0,1,7,11,0,0,0,0
8477498,Darnell Nurse,D,EDM,11,253.3,264.5,62.65298065534938,24.045454545454547,0.6919144886265475,1.2858936746005563,0.87010824441875,29,20,9,0,0,1,7,0,3,23,37,1,1,2,4
8480434,Sean Durzi,D,LAK,6,96.1,112.0,69.92715920915713,18.666666666666668,1.131842629690576,0.35304665663357515,0.8982038377734757,11,9,2,0,0,0,4,0,0,18,14,1,1,0,0
8479576,Vincent Desharnais,D,EDM,12,163.1,165.5,60.88289393010423,13.791666666666666,0.584863093503508,-0.4924280702139637,0.26167574438826646,14,8,6,0,0,0,5,0,1,21,18,4,2,1,3
8471685,Anze Kopitar,C,LAK,6,135.7,152.0,67.20707442888725,25.333333333333332,0.08720147134762317,1.3781576880502446,0.4744883363584096,2,1,1,2,31,0,2,0,0,5,12,2,0,1,5
8478585,Derek Ryan,C,EDM,11,130.2,127.5,58.755760368663594,11.590909090909092,-0.24493241785692604,-0.6944487040788465,-0.37978730372350217,3,0,3,1,5,0,0,0,0,26,11,3,0,0,5
8480113,Alex Iafallo,L,LAK,6,113.4,94.0,49.735449735449734,15.666666666666666,-0.4196378444096364,0.14198448512192882,-0.2511511455501669,6,4,2,1,0,0,1,0,1,7,13,2,0,0,2
8476479,Phillip Danault,C,LAK,6,120.8,158.5,78.7251655629139,26.416666666666668,0.5398587004241943,1.5415439692379296,0.8403642810683148,5,3,2,2,10,0,1,0,0,10,25,1,0,1,2
8475760,Nick Bjugstad,C,EDM,12,162.8,364.5,134.3366093366093,30.375,2.7253703230213504,2.138532304346777,2.5493189174189785,8,4,4,2,60,0,0,0,1,16,45,3,1,1,6
8476967,Brett Kulak,D,EDM,12,196.3,155.0,47.37646459500764,12.916666666666666,-0.23197942773091773,-0.6441799442635219,-0.35563958269069895,19,12,7,0,0,1,3,0,0,21,12,1,2,0,3
8480802,Ryan McLeod,C,EDM,12,175.2,153.0,52.397260273972606,12.75,-0.4948194000360409,-0.5196368088220931,-0.5022646226718566,4,2,2,0,17,0,4,0,3,21,26,0,0,1,1
8475158,Ryan O'Reilly,C,TOR,11,218.0,227.0,62.47706422018349,20.636363636363637,-0.09868638885957706,0.6697696157679753,0.13185041252868865,10,1,9,1,33,1,2,2,2,23,14,1,0,3,16
8480144,David Kampf,C,TOR,11,155.1,221.5,85.68665377176016,20.136363636363637,0.8134429190414978,0.5943605629121209,0.7477182122026846,6,1,5,0,49,0,2,0,1,22,18,2,1,0,3
8470966,Mark Giordano,D,TOR,11,163.8,144.0,52.747252747252745,13.090909090909092,0.09283537168434901,-0.613960956357549,-0.11920352672822039,20,12,8,0,0,1,8,1,0,25,9,2,0,3,2
8479944,Zachary Aston-Reese,C,TOR,6,53.3,104.0,117.07317073170732,17.333333333333332,2.0469228101219996,0.17161284235657281,1.4843298197923716,4,2,2,1,0,0,2,0,0,21,16,1,0,0,0
8477930,Pierre-Edouard Bellemare,L,TBL,6,67.9,124.5,110.01472754050073,20.75,2.042649077048868,1.1615125048105244,1.778308105377365,5,2,3,1,11,0,0,0,0,13,16,0,0,0,4
8479318,Auston Matthews,C,TOR,11,251.6,284.0,67.72655007949125,25.818181818181817,0.10761669517585727,1.4512816180922852,0.5107161720507856,22,15,7,1,15,1,6,1,4,16,38,1,0,3,11
8478569,Noel Acciari,C,TOR,11,164.4,341.5,124.63503649635035,31.045454545454547,2.344101671084499,2.239648988858037,2.3127658664165605,16,3,13,0,5,0,3,0,2,17,78,2,1,0,6
8479591,Michael Eyssimont,C,TBL,3,30.6,50.5,99.01960784313725,16.833333333333332,1.337423670289891,0.09620378950071835,0.9650577060531391,0,0,0,0,0,0,0,0,0,15,7,0,0,2,0
8477021,Alexander Kerfoot,C,TOR,11,156.0,168.0,64.61538461538461,15.272727272727273,-0.014651093973758862,-0.1391638603220999,-0.052004923878261174,10,2,8,1,0,0,4,0,1,26,22,2,0,0,10
8478178,Darren Raddysh,D,TBL,6,151.3,138.0,54.72571050892267,23.0,0.21248864096099312,1.1045797471647203,0.48011597282211127,11,4,7,0,0,0,3,0,0,26,20,0,1,0,2
8479410,Mikhail Sergachev,D,TBL,6,161.5,151.0,56.09907120743034,25.166666666666668,0.2955468192330418,1.4803462924302933,0.6509866611922173,22,12,10,0,0,0,4,0,0,16,16,1,1,0,0
8475714,Calle Jarnkrok,C,TOR,11,158.9,94.5,35.68281938325991,8.590909090909092,-1.1516914816262784,-1.1469030212139735,-1.1502549435025868,4,0,4,1,2,0,2,1,1,20,12,1,0,1,0
8475167,Victor Hedman,D,TBL,5,118.1,97.0,49.28027095681626,19.4,-0.11684092961721396,0.4802291796465378,0.06228010316191156,11,7,4,0,0,0,7,0,2,16,12,1,1,1,0
8474013,Ian Cole,D,TBL,6,112.8,83.5,44.41489361702128,13.916666666666666,-0.4110894681756511,-0.4707492310640268,-0.42898739704216377,8,3,5,1,0,0,5,2,0,16,10,0,0,0,4
8478043,Sam Lafferty,C,TOR,9,96.1,137.0,85.53590010405829,15.222222222222221,0.8075183490150053,-0.14678093636814604,0.5212285634000599,4,0,4,0,1,0,1,1,0,25,23,2,1,0,2
8474034,Patrick Maroon,L,TBL,6,59.4,76.0,76.76767676767676,12.666666666666666,0.6845741087364293,-0.45970418223527504,0.34129062144491795,0,0,0,0,0,0,0,0,3,10,13,1,2,1,1
8470621,Corey Perry,R,TBL,6,66.5,100.0,90.22556390977444,16.666666666666668,1.234301655367305,0.3425473742409971,0.9667753710294126,1,1,0,2,0,1,0,0,0,11,10,3,1,0,2
8476931,Jake McCabe,D,TOR,11,230.9,274.5,71.32957990472066,24.954545454545453,1.2166582999446462,1.4435579593273695,1.2847281977594633,15,10,5,0,0,0,12,0,1,45,47,3,3,0,4
8480246,Nick Perbix,D,TBL,6,112.7,118.0,62.82165039929015,19.666666666666668,0.702115305991247,0.5264773698330703,0.649423925143794,11,3,8,0,0,0,2,0,0,19,14,2,0,1,1
8477426,Nick Paul,L,TBL,6,99.7,142.0,85.45636910732196,23.666666666666668,1.0394896666446627,1.746487598074473,1.2515890460736057,3,0,3,0,16,0,2,0,1,18,20,1,0,1,5
8476853,Morgan Rielly,D,TOR,11,265.7,222.0,50.13172751223185,20.181818181818183,-0.06534649669259417,0.6158204645115981,0.1390035916686635,24,17,7,0,0,0,14,1,4,35,21,4,2,2,7
8478483,Mitch Marner,R,TOR,11,265.4,160.0,36.17181612660136,14.545454545454545,-0.9736849209279268,-0.0828890572236928,-0.7064461618166565,10,3,7,0,0,0,4,0,10,20,18,4,1,1,11
8478010,Brayden Point,C,TBL,6,123.2,93.5,45.535714285714285,15.583333333333334,-0.7644759219445164,-0.09231884263891758,-0.5628287981528367,3,0,3,1,5,0,0,0,1,11,14,0,0,0,3
8475718,Justin Holl,D,TOR,8,158.0,191.0,72.53164556962025,23.875,1.2893568884497848,1.2563316212142785,1.279449308279133,18,11,7,0,0,1,2,1,0,22,18,3,2,3,2
8474673,TJ Brodie,D,TOR,11,256.7,220.5,51.538761199844174,20.045454545454547,0.01974815832955085,0.592170821802576,0.19147495737145837,26,15,11,0,0,0,4,0,1,27,17,3,2,3,4
8477939,William Nylander,R,TOR,11,206.2,78.5,22.841901066925317,7.136363636363637,-1.5181850660979275,-1.5688777356967871,-1.5333928669775851,2,1,1,1,0,0,0,2,3,13,3,3,0,1,8
8478519,Anthony Cirelli,C,TBL,6,106.9,169.5,95.1356407857811,28.25,1.1847850302973895,1.818043829709396,1.3747626701209914,12,6,6,1,14,0,2,0,0,10,17,1,1,1,7
8474564,Steven Stamkos,C,TBL,6,115.0,131.5,68.60869565217392,21.916666666666668,0.14228472878717915,0.8628624935352392,0.35845805821159715,4,0,4,2,5,1,1,0,0,9,15,3,0,1,5
8478047,Michael Bunting,L,TOR,7,101.9,115.5,68.00785083415113,16.5,0.32675288698705646,0.3091202260544856,0.3214630887072852,3,1,2,1,0,0,0,0,1,10,15,4,0,1,5
8476453,Nikita Kucherov,R,TBL,6,121.6,94.0,46.38157894736842,15.666666666666666,-0.5566367017028864,0.14198448512192882,-0.3470503456554418,4,2,2,0,0,1,1,0,7,13,11,2,1,0,5
8479542,Brandon Hagel,L,TBL,6,126.1,90.0,42.823156225218085,15.0,-0.701991092943409,0.008275892375883645,-0.4889109973476212,2,0,2,0,0,0,4,0,1,20,15,1,0,1,5
8473986,Alex Killorn,L,TBL,6,118.8,95.0,47.97979797979798,15.833333333333334,-0.4913526776655641,0.1754116333084404,-0.29132338437336275,2,0,2,2,0,0,1,0,0,11,10,1,0,1,8
8474568,Luke Schenn,D,TOR,11,191.9,273.5,85.51328817092237,24.863636363636363,2.074461330869467,1.4277915308546885,1.880460390865033,17,13,4,0,0,1,11,3,0,35,54,0,1,4,2
8479525,Ross Colton,C,TBL,6,80.8,109.0,80.94059405940595,18.166666666666668,0.626924318569619,0.29729459711633066,0.5280354021336325,1,0,1,0,0,0,0,0,0,15,19,2,1,0,5
8475166,John Tavares,C,TOR,11,206.0,206.0,60.0,18.727272727272727,-0.19603420570750577,0.3818441412274399,-0.02267070162702206,5,4,1,2,19,0,3,0,2,30,26,0,0,1,5
8475193,Tomas Tatar,L,NJD,12,167.0,103.5,37.185628742514965,8.625,-0.9322727203198343,-1.2703125257581747,-1.0336846619513365,7,1,6,1,0,0,0,1,3,9,13,2,0,1,3
8475765,Vladimir Tarasenko,R,NYR,7,106.5,28.0,15.774647887323944,4.0,-1.8068681045883181,-2.197915887933864,-1.9241824395919815,1,1,0,0,0,0,1,4,3,5,4,1,0,1,2
8476292,Ondrej Palat,L,NJD,12,202.1,172.5,51.21227115289461,14.375,-0.35931266809838963,-0.11707591332353383,-0.28664164166593287,11,3,8,0,0,0,3,0,8,28,27,1,0,1,6
8478399,Jonas Siegenthaler,D,NJD,11,228.7,221.0,57.97988631394841,20.09090909090909,0.4092948510382983,0.6000540360389163,0.46652260653848365,28,16,12,0,0,0,10,1,1,31,25,2,1,1,3
8479407,Jesper Bratt,L,NJD,12,217.2,132.5,36.60220994475138,11.041666666666666,-0.9561042015149515,-0.7856188770537605,-0.9049586041765941,6,0,6,1,0,0,3,2,5,29,12,2,1,2,6
8481559,Jack Hughes,C,NJD,12,236.7,108.0,27.376425855513308,9.0,-1.4781300411182878,-1.0852047052410017,-1.360252440355102,3,0,3,2,2,0,8,3,15,21,5,5,1,0,10
8476624,Barclay Goodrow,C,NYR,7,86.4,164.5,114.23611111111111,23.5,1.9354272913211206,1.1016578275787783,1.685296452198418,9,5,4,1,11,1,0,0,0,15,18,2,1,0,2
8479414,Nathan Bastian,R,NJD,12,135.1,140.0,62.176165803108816,11.666666666666666,0.08854031535605385,-0.660267071354343,-0.13610190065706523,6,0,6,0,0,0,1,1,0,21,26,1,2,0,0
8478859,Niko Mikkola,D,NYR,7,100.7,87.5,52.13505461767626,12.5,0.05581082202348347,-0.7164427414299781,-0.175865247012555,12,6,6,0,0,0,3,0,1,12,8,0,1,1,1
8475287,Erik Haula,L,NJD,12,210.9,211.5,60.17069701280227,17.625,0.006620960088807479,0.5347534763134371,0.16506071495619634,4,0,4,2,33,1,3,0,1,9,27,2,0,0,6
8476923,Damon Severson,D,NJD,12,222.6,125.0,33.692722371967655,10.416666666666666,-1.0595454868332446,-1.0777567272622597,-1.065008858961949,15,9,6,0,0,0,5,1,5,21,9,0,0,3,8
8482109,Alexis Lafrenière,L,NYR,7,100.4,81.0,48.406374501992026,11.571428571428571,-0.4739278870933114,-0.6793682988894922,-0.5355600106321656,3,1,2,0,0,0,2,0,1,13,15,1,0,0,3
8480003,Jesper Boqvist,C,NJD,6,59.8,46.5,46.65551839464883,7.75,-0.7204679852855133,-1.273727337380638,-0.8864457909140506,2,1,1,0,0,0,0,1,1,16,5,0,0,0,1
8482073,Braden Schneider,D,NYR,7,104.8,134.0,76.71755725190839,19.142857142857142,1.5425126683671293,0.4356327105380963,1.2104486810184194,11,6,5,0,0,1,0,1,0,16,18,1,1,0,2
8480078,Filip Chytil,C,NYR,7,105.3,81.5,46.43874643874644,11.642857142857142,-0.7289870525301202,-0.686613997288628,-0.7162751359576724,5,2,3,0,10,0,1,0,0,16,4,1,0,1,1
8481554,Kaapo Kakko,R,NYR,7,94.0,33.0,21.06382978723404,4.714285714285714,-1.5908156916930796,-2.0546566814202443,-1.7299679886112287,0,0,0,0,0,0,1,0,0,9,3,2,0,0,1
8480002,Nico Hischier,C,NJD,12,237.7,297.5,75.09465713083719,24.791666666666668,0.3971809018306302,1.2964645474564025,0.6669659955183618,9,3,6,1,44,0,1,2,3,26,26,8,0,0,7
8479324,Ryan Lindgren,D,NYR,7,139.1,100.5,43.350107836089144,14.357142857142858,-0.4754856368662972,-0.3943571312023442,-0.4511470851671113,9,5,4,0,0,0,1,1,2,14,5,4,2,1,0
8482110,Dawson Mercer,C,NJD,12,199.6,90.0,27.054108216432866,7.5,-1.490797019325956,-1.3114318638085651,-1.4369874726707388,7,0,7,2,3,0,1,4,2,12,6,1,0,0,5
8477353,Tyler Motte,C,NYR,7,82.8,80.0,57.971014492753625,11.428571428571429,-0.2757726751170273,-0.7189321627982799,-0.408720521421403,6,0,6,0,0,0,1,2,0,13,8,4,0,0,1
8478550,Artemi Panarin,L,NYR,7,135.3,37.5,16.62971175166297,5.357142857142857,-1.7719404703027373,-1.9257233955579862,-1.818075347879312,2,0,2,0,0,0,1,2,6,8,1,3,1,0,0
8475184,Chris Kreider,L,NYR,7,134.7,95.0,42.316258351893104,13.571428571428571,-0.722696848709757,-0.27824252065135635,-0.5893605502922369,1,0,1,5,0,0,4,1,1,7,13,0,0,0,2
8476918,Jimmy Vesey,L,NYR,7,67.1,76.0,67.95827123695976,10.857142857142858,0.32472766043855167,-0.8226275054031121,-0.01947888931394748,6,1,5,0,0,0,3,0,0,4,13,1,0,0,7
8480860,Kevin Bahl,D,NJD,11,148.7,122.5,49.42837928715535,11.136363636363637,-0.10788362647154583,-0.9529391685201986,-0.36140028908614164,5,3,2,0,0,1,3,1,2,12,22,3,1,0,2
8476885,Jacob Trouba,D,NYR,7,158.1,217.5,82.5426944971537,31.071428571428573,1.8948056153696697,2.5044133608463595,2.0776879390126766,22,15,7,0,0,0,5,0,1,8,34,3,3,0,1
8480817,K'Andre Miller,D,NYR,7,156.8,120.5,46.10969387755102,17.214285714285715,-0.30859125170014373,0.10115919222478464,-0.1856661185226652,12,8,4,0,0,0,4,0,0,7,19,1,1,0,4
8479323,Adam Fox,D,NYR,7,161.6,132.0,49.00990099009901,18.857142857142858,-0.13319237823476263,0.3860810781953836,0.022589658694281256,17,8,9,0,0,0,2,1,3,11,9,1,1,2,9
8477425,Miles Wood,L,NJD,8,87.5,93.5,64.11428571428571,11.6875,0.1677086047463643,-0.656088677831029,-0.07943058002685369,2,0,2,1,1,0,1,0,0,9,16,1,0,2,2
8479415,Michael McLeod,C,NJD,12,177.4,289.5,97.91431792559187,24.125,1.293986136623889,1.1959191436485963,1.2645660387313011,12,0,12,2,42,1,1,1,1,22,29,2,2,0,4
8478414,Timo Meier,R,NJD,11,185.6,234.5,75.80818965517241,21.318181818181817,0.6453809953738555,1.2754686918099944,0.8344073043046971,7,3,4,2,0,0,3,2,2,18,37,7,2,1,5
8476459,Mika Zibanejad,C,NYR,7,136.2,145.0,63.87665198237886,20.714285714285715,-0.043683045778425855,0.6815216759533035,0.17387837074109294,6,1,5,0,22,0,1,1,3,7,13,1,1,1,11
8476462,Dougie Hamilton,D,NJD,12,250.5,110.0,26.347305389221557,9.166666666666666,-1.5037819892309066,-1.2945451187616284,-1.4410109280901229,10,8,2,0,0,0,9,0,3,22,16,1,0,0,4
8476389,Vincent Trocheck,C,NYR,7,124.7,169.0,81.31515637530073,24.142857142857142,0.6416444955552443,1.198612324107734,0.8087348441209912,8,1,7,1,18,0,0,2,3,8,19,3,1,0,5
8477435,Ryan Graves,D,NJD,10,198.0,146.5,44.3939393939394,14.65,-0.41235673874643286,-0.3435667080510636,-0.3917197295378221,28,18,10,0,0,0,6,1,0,15,6,0,1,2,4
8474141,Patrick Kane,R,NYR,7,121.5,37.5,18.51851851851852,5.357142857142857,-1.6947865233985986,-1.9257233955579862,-1.764067585046415,2,1,1,1,0,0,2,0,4,3,0,2,0,0,5
8478507,John Marino,D,NJD,12,272.4,123.5,27.20264317180617,10.291666666666666,-1.452052827251881,-1.0994355664121964,-1.3462676489999754,19,12,7,0,0,0,8,1,1,29,3,1,0,0,9
8478407,Vince Dunn,D,SEA,14,324.3,224.5,41.535615171137835,16.035714285714285,-0.5852226166725593,-0.10324129118890635,-0.44062821902746335,19,15,4,0,0,0,7,1,1,23,24,7,3,0,5
8477476,Artturi Lehkonen,L,COL,7,145.3,173.0,71.43840330350997,24.714285714285715,0.4668840363017162,1.9566011009611155,0.913799155699536,6,0,6,0,0,0,0,0,0,32,24,5,1,0,1
8476467,Jamie Oleksiak,D,SEA,14,295.4,431.0,87.54231550440082,30.785714285714285,2.1971729492855454,2.454861728503646,2.2744795830509754,47,26,21,0,0,0,1,1,3,19,63,2,2,3,9
8477456,J.T. Compher,L,COL,7,158.4,139.0,52.65151515151515,19.857142857142858,-0.3005224535564687,0.9824384966684996,0.08436583151102178,9,2,7,1,23,0,1,1,1,18,6,2,0,0,1
8478840,Will Borgen,D,SEA,14,247.4,209.0,50.68714632174616,14.928571428571429,-0.031755849642320214,-0.29525386651691854,-0.11080525470469971,18,8,10,0,0,0,2,1,1,29,33,1,1,0,0
8473446,Erik Johnson,D,COL,7,98.8,169.5,102.93522267206478,24.214285714285715,3.12810597295965,1.3151741846212501,2.5842264364581298,14,11,3,0,0,0,2,0,0,13,34,0,0,0,0
8482665,Matty Beniers,C,SEA,14,249.2,176.5,42.495987158908505,12.607142857142858,-0.8839362077121778,-0.5411822524951942,-0.7811100211470827,10,4,6,1,14,0,1,1,1,32,10,2,0,1,8
8481524,Bowen Byram,D,COL,7,153.4,136.0,53.194263363754885,19.428571428571427,0.11986970251621074,0.485184342880809,0.2294640946255902,6,3,3,0,0,0,4,0,0,28,22,2,0,0,3
8478466,Daniel Sprong,R,SEA,10,85.5,68.5,48.07017543859649,6.85,-0.4876609407553454,-1.6263116539445204,-0.8292561547120978,1,0,1,0,0,0,0,1,1,6,15,2,0,0,1
8474189,Lars Eller,C,COL,7,98.5,145.0,88.3248730964467,20.714285714285715,0.9171240789935098,0.6815216759533035,0.8464433580814479,1,0,1,0,30,0,0,0,3,19,12,1,0,0,6
8477369,Carson Soucy,D,SEA,14,204.1,200.5,58.94169524742773,14.321428571428571,0.46746318070389914,-0.4005510852451835,0.2070589009191743,16,8,8,0,0,0,5,3,0,27,36,0,1,1,2
8474602,Justin Schultz,D,SEA,14,222.7,137.5,37.0453524921419,9.821428571428571,-0.8567849516699351,-1.1809892946429115,-0.954046254561828,19,10,9,0,0,0,2,0,0,19,10,0,1,1,4
8479293,Brandon Tanev,L,SEA,14,187.7,277.5,88.70538092701119,19.821428571428573,1.1722052465684578,0.9752755363428187,1.113126333500766,17,1,16,0,0,0,2,0,0,22,51,5,2,0,3
8480069,Cale Makar,D,COL,6,154.0,126.5,49.285714285714285,21.083333333333332,-0.11651172769488079,0.7721708801990211,0.15009305467328976,10,5,5,0,0,0,2,0,0,12,11,2,2,1,10
8477987,Ryan Donato,C,SEA,14,127.1,174.0,82.1400472069237,12.428571428571429,0.6740624364960002,-0.5681140570865709,0.30140948842122883,5,1,4,0,5,0,1,0,1,16,29,5,0,0,6
8478843,Denis Malgin,C,COL,7,53.5,66.0,74.01869158878505,9.428571428571429,0.35489580656789393,-1.0205683742216978,-0.057743447668983594,2,1,1,0,0,0,0,0,0,8,12,2,0,0,0
8478038,Devon Toews,D,COL,7,166.3,82.0,29.585087191822005,11.714285714285714,-1.3079672564672542,-0.8527097303724386,-1.1713899986388094,8,4,4,0,0,0,4,0,2,8,13,1,0,1,2
8479987,Morgan Geekie,C,SEA,13,147.1,165.5,67.50509857239973,12.73076923076923,0.09891372309407342,-0.5225371570088568,-0.08752154093680564,7,2,5,1,13,0,0,1,0,29,14,3,0,0,3
8479398,Samuel Girard,D,COL,7,147.5,113.0,45.96610169491525,16.142857142857142,-0.3172754270349946,-0.08465942906038892,-0.2474906276426129,10,7,3,0,0,0,3,1,1,17,16,0,1,0,3
8476457,Adam Larsson,D,SEA,14,352.4,338.5,57.633371169125994,24.178571428571427,0.38833829046109575,1.3089802305784106,0.6645308724962902,31,18,13,0,0,0,2,1,1,22,57,2,2,0,4
8474586,Jordan Eberle,R,SEA,14,253.6,158.0,37.381703470031546,11.285714285714286,-0.9242634631626067,-0.7366719814949401,-0.8679860186623066,8,3,5,4,0,0,3,0,5,17,13,2,1,1,7
8477501,Valeri Nichushkin,R,COL,2,39.9,31.5,47.36842105263158,15.75,-0.5163261920582194,0.15869805921518462,-0.31381891667619816,0,0,0,1,1,0,1,0,0,6,3,0,0,0,2
8478420,Mikko Rantanen,R,COL,7,150.1,137.0,54.763491005996,19.571428571428573,-0.21425249953109712,0.9251348140630518,0.12756369454714753,7,2,5,3,3,0,1,0,5,17,7,2,1,1,7
8481186,Logan O'Connor,R,COL,7,86.1,95.5,66.55052264808363,13.642857142857142,0.2672239698618057,-0.2639165999999944,0.10788179890326566,4,1,3,0,1,0,0,1,1,11,15,1,2,0,2
8481618,Alex Newhook,C,COL,7,64.8,46.5,43.05555555555556,6.642857142857143,-0.8619453520263083,-1.440704525847173,-1.0355731041725678,3,1,2,0,2,0,1,0,0,14,4,0,0,0,1
8480009,Eeli Tolvanen,R,SEA,14,228.7,212.5,55.749890686488854,15.178571428571429,-0.17396006204597383,0.04409069400428869,-0.10854483523089507,12,2,10,0,0,0,1,3,4,16,48,0,1,0,4
8477492,Nathan MacKinnon,C,COL,7,166.1,147.0,53.100541842263695,21.0,-0.46718066352502163,0.7246125632995059,-0.10964269547766334,9,1,8,1,17,0,0,0,3,22,9,1,1,0,2
8476826,Yanni Gourde,C,SEA,14,274.9,377.0,82.28446707893781,26.928571428571427,0.6797380904154572,1.6187484757332087,0.9614412060107826,11,3,8,2,40,0,5,1,2,29,52,2,1,2,16
8477416,Oliver Bjorkstrand,R,SEA,14,245.9,165.5,40.3822692151281,11.821428571428571,-0.8016964042966733,-0.6292275766097253,-0.7499557559905888,6,2,4,1,0,0,6,1,1,35,23,1,0,2,9
8483570,Ben Meyers,C,COL,6,33.0,25.5,46.36363636363636,4.25,-0.7319388540117584,-1.8015907073716193,-1.0528344100197167,2,1,1,0,0,0,1,1,0,7,4,0,0,0,0
8477505,Alexander Wennberg,C,SEA,14,269.9,264.0,58.688403112263806,18.857142857142858,-0.24757953608904834,0.4014309082029867,-0.052876402801437836,15,5,10,0,34,0,3,1,0,26,23,5,0,1,8
8475768,Jaden Schwartz,C,SEA,14,255.6,246.5,57.863849765258216,17.607142857142858,-0.27998421399429085,0.21290827606335053,-0.13211646697699844,11,2,9,4,0,0,1,0,3,41,21,2,0,3,14
8478542,Evan Rodrigues,C,COL,7,134.2,89.5,40.01490312965723,12.785714285714286,-0.9814420017468528,-0.5142504479038177,-0.8412845355939422,2,1,1,0,0,0,2,0,1,18,17,1,0,0,2
8477955,Jared McCann,L,SEA,8,116.2,97.5,50.34423407917384,12.1875,-0.39477023182163434,-0.555807233271495,-0.4430813322565925,2,1,1,0,1,0,1,0,2,18,9,4,1,1,3
8476312,Josh Manson,D,COL,5,59.0,99.0,100.67796610169492,19.8,2.991591495130732,0.5496014649263362,2.258994486069413,7,5,2,0,0,0,2,0,0,12,15,0,1,1,3
8476442,Matt Nieto,L,COL,7,81.8,63.0,46.21026894865526,9.0,-0.5636343696363123,-1.1951014423385242,-0.7530744914469758,1,0,1,0,0,0,0,0,1,19,8,0,1,0,1
8480289,Morgan Barron,C,WPG,5,65.0,93.5,86.3076923076923,18.7,0.837849531174852,0.37773092016257515,0.6998139478711689,4,0,4,0,0,0,0,0,1,13,20,0,0,0,1
8480727,Zach Whitecloud,D,VGK,22,411.4,393.5,57.38940204180846,17.886363636363637,0.3735835131534046,0.21771814557639324,0.32682390288030116,40,29,11,0,0,1,11,1,2,79,37,4,1,2,3
8478434,Keegan Kolesar,R,VGK,22,216.0,430.0,119.44444444444444,19.545454545454547,2.4278339938411393,0.9199253883716474,1.9754614122002916,12,1,11,2,0,2,2,1,1,46,79,5,5,1,4
8479353,Brett Howden,C,VGK,22,307.8,376.0,73.2943469785575,17.09090909090909,0.3264292993709218,0.13505087733555252,0.26901577276031097,19,0,19,2,3,1,0,1,2,44,63,4,0,0,7
8476392,Adam Lowry,C,WPG,5,90.3,187.0,124.25249169435216,37.4,2.329067784995632,3.198029496971533,2.589756298588402,8,2,6,3,17,0,5,0,0,18,25,1,0,0,1
8475455,Brenden Dillon,D,WPG,5,112.9,141.5,75.19929140832595,28.3,1.4506909093509723,2.0237625271220443,1.6226123946822937,8,7,1,0,0,1,4,0,0,17,22,2,2,1,0
8476905,Chandler Stephenson,C,VGK,22,403.2,344.0,51.1904761904762,15.636363636363637,-0.5422456213580304,-0.08432091279056943,-0.4048682087877921,8,0,8,2,56,0,3,1,9,31,31,2,2,1,16
8478398,Kyle Connor,L,WPG,5,111.7,53.5,28.73769024171889,10.7,-1.2773539694859106,-0.8541445308361088,-1.1503911378909701,4,0,4,1,0,0,1,1,2,9,4,0,0,0,5
8476331,Dylan DeMelo,D,WPG,5,124.1,163.0,78.80741337630944,32.6,1.6689030934987432,2.7695145938798733,1.9990865436130822,15,4,11,0,0,0,2,1,0,15,18,3,2,3,3
8478020,Michael Amadio,R,VGK,16,193.6,211.5,65.54752066115702,13.21875,0.2262533616439459,-0.3489767538674562,0.05368432699052526,9,1,8,2,1,0,0,2,4,35,17,4,1,1,15
8475913,Mark Stone,R,VGK,22,416.1,333.5,48.08940158615717,15.159090909090908,-0.4868755914045818,0.0401836247357352,-0.3287578265624867,16,1,15,5,0,0,4,1,2,32,26,7,3,2,29
8476460,Mark Scheifele,C,WPG,4,70.3,63.5,54.19630156472262,15.875,-0.42411766342106527,-0.048330228473002564,-0.31138143293664644,1,0,1,0,10,0,0,2,3,14,5,0,1,0,1
8476448,William Karlsson,C,VGK,22,381.8,375.0,58.93137768465165,17.045454545454547,-0.2380307145531402,0.12819550889411152,-0.12816284751896467,20,2,18,4,55,0,7,2,5,40,15,4,1,2,22
8479980,Nicolas Hague,D,VGK,22,408.4,403.0,59.20666013712047,18.318181818181817,0.4834877407978696,0.2926086808216294,0.4262240228049975,31,21,10,1,0,1,9,1,0,70,38,9,2,4,3
8478891,Mason Appleton,C,WPG,5,90.9,79.0,52.14521452145214,15.8,-0.504724715995852,-0.05964158640138063,-0.37119977711751057,2,1,1,0,0,0,2,0,0,15,15,1,0,0,2
8475191,Reilly Smith,R,VGK,22,368.9,232.0,37.73380319869884,10.545454545454545,-0.9098808993941683,-0.8851406136999647,-0.9024588136859071,17,1,16,1,0,0,7,1,8,30,32,1,1,2,15
8480049,Dylan Samberg,D,WPG,5,78.1,76.0,58.38668373879642,15.2,0.4338971664171721,-0.24817981579134146,0.22927407175461798,8,5,3,0,0,0,1,0,0,12,3,1,2,0,3
8477504,Josh Morrissey,D,WPG,3,49.8,49.5,59.63855421686747,16.5,0.5096078529499416,-0.022719888631997733,0.3499095304753598,3,2,1,0,0,0,1,0,0,10,8,0,0,0,1
8476480,Vladislav Namestnikov,C,WPG,5,79.2,90.5,68.56060606060606,18.1,0.14039482350571947,0.2872400567355501,0.18444839347466865,6,1,5,0,3,0,2,1,0,12,13,2,0,0,2
8477357,Saku Maenalanen,R,WPG,5,42.6,77.0,108.45070422535211,15.4,1.9787618790933557,0.0885010480235109,1.4116836297724022,1,0,1,0,0,0,0,0,0,8,20,0,0,0,1
8475188,Brayden McNabb,D,VGK,21,402.2,411.0,61.31277971158627,19.571428571428573,0.6108617476908259,0.509960159052166,0.5805912710992278,54,38,16,0,0,0,19,1,2,56,42,2,1,5,8
8478403,Jack Eichel,C,VGK,22,417.8,404.0,58.01819052178076,18.363636363636363,-0.2739186725457876,0.32700119369590946,-0.09364271267327849,30,4,26,1,38,0,5,0,15,39,25,8,3,3,16
8477447,Shea Theodore,D,VGK,21,423.0,195.0,27.659574468085108,9.285714285714286,-1.4244185130432,-1.273898605285498,-1.3792625407158894,34,15,19,0,0,0,9,1,3,31,9,1,0,2,8
8478831,Kevin Stenlund,C,WPG,5,68.5,75.0,65.69343065693431,15.0,0.027715764241423163,-0.1802960709707479,-0.03468778632222815,2,1,1,1,9,0,0,0,0,8,5,1,1,0,1
8477964,Ivan Barbashev,C,VGK,22,342.3,379.5,66.52059596844873,17.25,0.060223091500908106,0.15904466688059726,0.08986956411481485,11,2,9,2,0,0,4,0,9,32,64,9,4,2,8
8473548,Phil Kessel,R,VGK,4,47.1,32.0,40.76433121019108,8.0,-0.7860899423766684,-1.395664331457592,-0.9689622591009455,2,0,2,0,0,0,0,0,0,5,3,1,0,0,2
8477220,Nate Schmidt,D,WPG,5,107.0,56.5,31.682242990654206,11.3,-1.181135361253608,-0.9245595972693721,-1.1041626320583373,8,6,2,0,0,0,4,0,1,9,4,1,0,1,1
8480145,Neal Pionk,D,WPG,5,136.5,122.5,53.84615384615385,24.5,0.15929476831267614,1.364725816963963,0.5209240829080621,10,4,6,0,0,0,8,0,0,18,24,0,0,1,3
8471218,Blake Wheeler,R,WPG,5,90.0,86.0,57.333333333333336,17.2,-0.10927962355740747,0.449514248437833,0.058358538041164684,2,0,2,0,0,0,2,0,1,9,17,3,0,0,2
8476539,Jonathan Marchessault,R,VGK,22,383.1,343.5,53.79796397807361,15.613636363636363,-0.2536923312566324,0.13134857433531164,-0.13818005957904916,4,1,3,4,0,0,4,3,6,40,55,8,1,3,10
8475799,Nino Niederreiter,R,WPG,5,85.2,92.0,64.7887323943662,18.4,0.19525839134059172,0.6901897153807144,0.3437377885526285,2,0,2,0,0,0,0,0,0,10,23,0,0,0,1
8478462,Nicolas Roy,C,VGK,22,330.3,401.0,72.84287011807447,18.227272727272727,0.3086864058410464,0.30643508837158545,0.3080110106002081,17,2,15,2,50,0,4,2,4,30,48,2,2,0,15
8474565,Alex Pietrangelo,D,VGK,21,491.8,466.5,56.91337942252948,22.214285714285715,0.3447945929399724,0.96831275822226,0.5318500425246586,55,31,24,0,0,1,14,1,6,72,24,8,5,4,19
8481019,David Gustafsson,C,WPG,3,26.4,46.5,105.68181818181819,15.5,1.5992463661117402,-0.10488701811489343,1.08800635084375,1,0,1,0,3,0,0,0,0,4,8,1,0,0,1
8474166,Alec Martinez,D,VGK,22,428.6,346.5,48.50676621558563,15.75,-0.16362098875333148,-0.15279292353161905,-0.16037256918681775,57,36,21,0,0,0,13,0,2,62,17,0,2,2,5
8479400,Pierre-Luc Dubois,L,WPG,5,105.0,150.0,85.71428571428572,30.0,1.050025039848829,3.016719229161903,1.640033296642751,3,2,1,1,15,0,1,0,1,12,21,2,1,0,2
8477935,Sam Bennett,C,FLA,20,417.5,543.5,78.10778443113773,27.175,0.5155958230826203,1.6559143660693088,0.8576913859786268,15,5,10,1,31,0,4,4,8,46,84,11,8,0,6
8481641,Joel Kiviranta,L,DAL,15,189.5,176.0,55.72559366754617,11.733333333333333,-0.17495254626528517,-0.6468962120797386,-0.31653564600962114,11,1,10,1,0,0,3,1,2,23,29,1,0,0,7
8480014,Gabriel Vilardi,R,LAK,5,80.2,85.0,63.591022443890274,17.0,0.14633435551694943,0.40940167061401955,0.22525455004607045,3,3,0,2,7,0,0,0,2,6,7,0,0,2,1
8481598,Philip Broberg,D,EDM,9,62.0,24.0,23.225806451612904,2.6666666666666665,-1.6925641609630921,-2.4218447545583466,-1.9113483390416683,2,0,2,0,0,0,3,0,0,7,5,0,0,0,0
8482720,Matthew Knies,L,TOR,7,91.9,92.0,60.06528835690968,13.142857142857142,0.002315229093618064,-0.36419804455952837,-0.10763875300232587,1,1,0,1,0,0,2,1,1,16,15,1,0,0,5
8474567,Zach Bogosian,D,TBL,5,64.0,72.5,67.96875,14.5,1.0134018577939092,-0.3695813150309879,0.5985069059464401,2,1,1,0,0,1,0,0,0,10,15,0,0,0,1
8479661,Tanner Jeannot,L,TBL,3,40.1,73.0,109.22693266832917,24.333333333333332,2.0104692454189412,1.8801961908205178,1.9713873290394142,2,1,1,0,0,1,1,0,0,10,16,0,0,0,1
8474090,Brendan Smith,D,NJD,3,48.5,37.0,45.77319587628865,12.333333333333334,-0.3289419949589303,-0.7453478602965605,-0.4538637545602193,0,0,0,0,0,0,4,1,0,8,9,0,1,0,2
8481068,Yegor Sharangovich,C,NJD,3,32.9,6.5,11.854103343465045,2.1666666666666665,-2.0881522588084773,-2.115795094271013,-2.096445109447238,1,0,1,0,1,0,3,0,0,2,0,0,0,0,3
8476891,Matt Grzelcyk,D,BOS,4,52.0,34.5,39.80769230769231,8.625,-0.6897240236142007,-1.3884867550780216,-0.8993528430533468,3,3,0,0,0,0,0,0,0,9,3,0,0,0,0
8481014,Alexander Romanov,D,NYI,4,71.3,79.5,66.90042075736326,19.875,0.9487913874458174,0.5626087684162981,0.8329366017369615,8,3,5,0,0,0,2,0,1,9,11,1,1,0,0
8479344,Jesse Puljujarvi,R,CAR,7,79.6,89.0,67.0854271356784,12.714285714285714,0.28907373933471914,-0.45015356846770044,0.06730554699399327,4,1,3,0,0,0,1,0,0,11,17,1,0,1,1
8475906,John Klingberg,D,MIN,4,67.2,31.5,28.125,7.875,-1.3962704840191016,-1.5185597899776428,-1.432957275806664,2,0,2,0,0,0,0,0,1,9,2,0,0,0,3
8477508,Curtis Lazar,C,NJD,6,46.9,120.0,153.5181236673774,20.0,3.4791975870553893,0.5737944575877969,2.6075766482151117,4,2,2,1,11,0,0,0,0,4,19,2,0,0,0
8471699,Andrew Cogliano,C,COL,4,38.4,42.0,65.625,10.5,0.025026461717998376,-0.8589775466734383,-0.2401747407994326,2,0,2,0,0,0,0,0,1,4,5,2,0,0,2
8474610,Zac Dalpe,C,FLA,13,79.4,66.5,50.251889168765736,5.115384615384615,-0.579131785528027,-1.6710750389672557,-0.9067147615597957,7,1,6,0,0,0,1,1,2,6,10,1,0,0,2
8476907,Mackenzie MacEachern,L,CAR,8,95.0,104.0,65.6842105263158,13.0,0.23183686694679426,-0.3928498858622523,0.0444308411040803,3,0,3,0,0,0,1,1,1,16,17,2,1,1,2
8477810,Joel Hanley,D,DAL,13,167.4,141.5,50.7168458781362,10.884615384615385,-0.029959678358312456,-0.9966000473676239,-0.3199517890611059,13,5,8,0,0,0,3,1,0,27,14,1,2,1,2
8477942,Kevin Fiala,L,LAK,3,55.6,34.0,36.690647482014384,11.333333333333334,-0.9524917064868433,-0.7271213677273655,-0.8848806048589999,2,0,2,0,0,0,0,0,1,7,4,1,0,0,0
8480336,Sean Walker,D,LAK,2,27.4,14.0,30.656934306569347,7.0,-1.2431440320704858,-1.670311664027201,-1.3712943216575004,1,0,1,0,0,0,1,0,0,1,4,0,0,0,0
8470638,Patrice Bergeron,C,BOS,3,58.5,67.0,68.71794871794872,22.333333333333332,0.14657833867846065,0.9257033709151177,0.38031584834945775,2,0,2,0,14,0,0,0,1,3,7,1,0,0,1
8481789,Tye Kartye,L,SEA,10,123.5,202.5,98.38056680161944,20.25,1.5674170757276276,1.0612310602509905,1.4155612710846364,6,1,5,0,0,0,0,0,1,22,44,1,1,1,2
8471677,Jack Johnson,D,COL,3,41.7,41.5,59.71223021582733,13.833333333333334,0.5140636337674859,-0.4852017904973179,0.21428400648804474,5,4,1,0,0,0,1,0,0,5,4,0,1,0,0
8477478,William Carrier,L,VGK,18,179.7,262.0,87.47913188647746,14.555555555555555,1.1221154464762568,-0.08086316945481327,0.7612218616969357,9,1,8,1,1,0,2,1,0,22,49,3,4,0,5
8477018,Ben Hutton,D,VGK,2,27.0,26.0,57.77777777777777,13.0,0.39707172069402324,-0.6297273848302305,0.08903198903674711,2,1,1,0,0,0,0,0,0,7,1,1,0,0,0
8480043,Timothy Liljegren,D,TOR,5,76.3,50.0,39.31847968545217,10.0,-0.7193106494985083,-1.1500195244287157,-0.8485233119775706,5,1,4,0,0,0,5,1,0,12,10,0,0,0,0
8482684,Luke Hughes,D,NJD,3,57.8,28.0,29.06574394463668,9.333333333333334,-1.339376123821603,-1.2656399998950458,-1.3172552866436358,3,3,0,0,0,0,3,1,1,9,0,1,0,0,3
8476927,Teddy Blueger,C,VGK,6,63.0,56.0,53.33333333333333,9.333333333333334,-0.4580320337673627,-1.0349320033370986,-0.6311020246382835,2,0,2,1,4,0,1,0,1,6,6,1,0,0,1
